Lga Name21,Lga Code21,Ste Name21,Gcc Name21,STE NAME21 (GCCSA 2021 AUST GDA2020.shp),Index
Adelaide,40070,South Australia,Greater Adelaide,South Australia,1
Adelaide Hills,40120,South Australia,Greater Adelaide,South Australia,2
Adelaide Hills,40120,South Australia,Rest of SA,South Australia,3
Adelaide Plains,40150,South Australia,Greater Adelaide,South Australia,4
Adelaide Plains,40150,South Australia,Rest of SA,South Australia,5
Albany,50080,Western Australia,Rest of WA,Western Australia,6
Albury,10050,New South Wales,Rest of NSW,New South Wales,7
Albury,10050,New South Wales,Rest of Vic.,Victoria,8
Alexandrina,40220,South Australia,Greater Adelaide,South Australia,9
Alexandrina,40220,South Australia,Rest of SA,South Australia,10
Alice Springs,70200,Northern Territory,Rest of NT,Northern Territory,11
Alpine,20110,Victoria,Rest of Vic.,Victoria,12
Anangu Pitjantjatjara Yunkunytjatjara,40250,South Australia,Rest of NT,Northern Territory,13
Anangu Pitjantjatjara Yunkunytjatjara,40250,South Australia,Rest of SA,South Australia,14
Anangu Pitjantjatjara Yunkunytjatjara,40250,South Australia,Rest of WA,Western Australia,15
Ararat,20260,Victoria,Rest of Vic.,Victoria,16
Armadale,50210,Western Australia,Greater Perth,Western Australia,17
Armadale,50210,Western Australia,Rest of WA,Western Australia,18
Armidale Regional,10180,New South Wales,Rest of NSW,New South Wales,19
Ashburton,50250,Western Australia,Rest of WA,Western Australia,20
Augusta Margaret River,50280,Western Australia,Rest of WA,Western Australia,21
Aurukun,30250,Queensland,Rest of Qld,Queensland,22
Ballarat,20570,Victoria,Rest of Vic.,Victoria,23
Ballina,10250,New South Wales,Rest of NSW,New South Wales,24
Balonne,30300,Queensland,Rest of NSW,New South Wales,25
Balonne,30300,Queensland,Rest of Qld,Queensland,26
Balranald,10300,New South Wales,Rest of NSW,New South Wales,27
Balranald,10300,New South Wales,Rest of Vic.,Victoria,28
Banana,30370,Queensland,Rest of Qld,Queensland,29
Banyule,20660,Victoria,Greater Melbourne,Victoria,30
Barcaldine,30410,Queensland,Rest of Qld,Queensland,31
Barcoo,30450,Queensland,Rest of Qld,Queensland,32
Barcoo,30450,Queensland,Rest of SA,South Australia,33
Barkly,70420,Northern Territory,Rest of NT,Northern Territory,34
Barkly,70420,Northern Territory,Rest of Qld,Queensland,35
Barossa,40310,South Australia,Greater Adelaide,South Australia,36
Barossa,40310,South Australia,Rest of SA,South Australia,37
Barunga West,40430,South Australia,Rest of SA,South Australia,38
Bass Coast,20740,Victoria,Greater Melbourne,Victoria,39
Bass Coast,20740,Victoria,Rest of Vic.,Victoria,40
Bassendean,50350,Western Australia,Greater Perth,Western Australia,41
Bathurst Regional,10470,New South Wales,Rest of NSW,New South Wales,42
Baw Baw,20830,Victoria,Greater Melbourne,Victoria,43
Baw Baw,20830,Victoria,Rest of Vic.,Victoria,44
Bayside (NSW),10500,New South Wales,Greater Sydney,New South Wales,45
Bayside (Vic.),20910,Victoria,Greater Melbourne,Victoria,46
Bayswater,50420,Western Australia,Greater Perth,Western Australia,47
Bega Valley,10550,New South Wales,Rest of NSW,New South Wales,48
Bega Valley,10550,New South Wales,Rest of Vic.,Victoria,49
Bellingen,10600,New South Wales,Rest of NSW,New South Wales,50
Belmont,50490,Western Australia,Greater Perth,Western Australia,51
Belyuen,70540,Northern Territory,Rest of NT,Northern Territory,52
Benalla,21010,Victoria,Rest of Vic.,Victoria,53
Berri Barmera,40520,South Australia,Rest of SA,South Australia,54
Berrigan,10650,New South Wales,Rest of NSW,New South Wales,55
Berrigan,10650,New South Wales,Rest of Vic.,Victoria,56
Beverley,50560,Western Australia,Greater Perth,Western Australia,57
Beverley,50560,Western Australia,Rest of WA,Western Australia,58
Blackall Tambo,30760,Queensland,Rest of Qld,Queensland,59
Blacktown,10750,New South Wales,Greater Sydney,New South Wales,60
Bland,10800,New South Wales,Rest of NSW,New South Wales,61
Blayney,10850,New South Wales,Rest of NSW,New South Wales,62
Blue Mountains,10900,New South Wales,Greater Sydney,New South Wales,63
Blue Mountains,10900,New South Wales,Rest of NSW,New South Wales,64
Boddington,50630,Western Australia,Rest of WA,Western Australia,65
Bogan,10950,New South Wales,Rest of NSW,New South Wales,66
Boroondara,21110,Victoria,Greater Melbourne,Victoria,67
Boulia,30900,Queensland,Rest of NT,Northern Territory,68
Boulia,30900,Queensland,Rest of Qld,Queensland,69
Bourke,11150,New South Wales,Rest of NSW,New South Wales,70
Bourke,11150,New South Wales,Rest of Qld,Queensland,71
Boyup Brook,50770,Western Australia,Rest of WA,Western Australia,72
Break O'Day,60210,Tasmania,Rest of Tas.,Tasmania,73
Brewarrina,11200,New South Wales,Rest of NSW,New South Wales,74
Brewarrina,11200,New South Wales,Rest of Qld,Queensland,75
Bridgetown-Greenbushes,50840,Western Australia,Rest of WA,Western Australia,76
Brighton,60410,Tasmania,Greater Hobart,Tasmania,77
Brighton,60410,Tasmania,Rest of Tas.,Tasmania,78
Brimbank,21180,Victoria,Greater Melbourne,Victoria,79
Brisbane,31000,Queensland,Greater Brisbane,Queensland,80
Broken Hill,11250,New South Wales,Rest of NSW,New South Wales,81
Brookton,50910,Western Australia,Rest of WA,Western Australia,82
Broome,50980,Western Australia,Rest of WA,Western Australia,83
Broomehill-Tambellup,51080,Western Australia,Rest of WA,Western Australia,84
Bruce Rock,51120,Western Australia,Rest of WA,Western Australia,85
Bulloo,31750,Queensland,Rest of NSW,New South Wales,86
Bulloo,31750,Queensland,Rest of Qld,Queensland,87
Bulloo,31750,Queensland,Rest of SA,South Australia,88
Buloke,21270,Victoria,Rest of Vic.,Victoria,89
Bunbury,51190,Western Australia,Rest of WA,Western Australia,90
Bundaberg,31820,Queensland,Rest of Qld,Queensland,91
Burdekin,31900,Queensland,Rest of Qld,Queensland,92
Burke,31950,Queensland,Rest of NT,Northern Territory,93
Burke,31950,Queensland,Rest of Qld,Queensland,94
Burnie,60610,Tasmania,Rest of Tas.,Tasmania,95
Burnside,40700,South Australia,Greater Adelaide,South Australia,96
Burwood,11300,New South Wales,Greater Sydney,New South Wales,97
Busselton,51260,Western Australia,Rest of WA,Western Australia,98
Byron,11350,New South Wales,Rest of NSW,New South Wales,99
Cabonne,11400,New South Wales,Rest of NSW,New South Wales,100
Cairns,32080,Queensland,Rest of Qld,Queensland,101
Cambridge,51310,Western Australia,Greater Perth,Western Australia,102
Camden,11450,New South Wales,Greater Sydney,New South Wales,103
Campaspe,21370,Victoria,Rest of NSW,New South Wales,104
Campaspe,21370,Victoria,Rest of Vic.,Victoria,105
Campbelltown (NSW),11500,New South Wales,Greater Sydney,New South Wales,106
Campbelltown (NSW),11500,New South Wales,Rest of NSW,New South Wales,107
Campbelltown (SA),40910,South Australia,Greater Adelaide,South Australia,108
Canada Bay,11520,New South Wales,Greater Sydney,New South Wales,109
Canning,51330,Western Australia,Greater Perth,Western Australia,110
Canterbury-Bankstown,11570,New South Wales,Greater Sydney,New South Wales,111
Capel,51400,Western Australia,Rest of WA,Western Australia,112
Cardinia,21450,Victoria,Greater Melbourne,Victoria,113
Cardinia,21450,Victoria,Rest of Vic.,Victoria,114
Carnamah,51470,Western Australia,Rest of WA,Western Australia,115
Carnarvon,51540,Western Australia,Rest of WA,Western Australia,116
Carpentaria,32250,Queensland,Rest of Qld,Queensland,117
Carrathool,11600,New South Wales,Rest of NSW,New South Wales,118
Casey,21610,Victoria,Greater Melbourne,Victoria,119
Cassowary Coast,32260,Queensland,Rest of Qld,Queensland,120
Ceduna,41010,South Australia,Rest of SA,South Australia,121
Central Coast (NSW),11650,New South Wales,Greater Sydney,New South Wales,122
Central Coast (NSW),11650,New South Wales,Rest of NSW,New South Wales,123
Central Coast (Tas.),60810,Tasmania,Rest of Tas.,Tasmania,124
Central Darling,11700,New South Wales,Rest of NSW,New South Wales,125
Central Desert,70620,Northern Territory,Rest of NT,Northern Territory,126
Central Desert,70620,Northern Territory,Rest of Qld,Queensland,127
Central Desert,70620,Northern Territory,Rest of WA,Western Australia,128
Central Goldfields,21670,Victoria,Rest of Vic.,Victoria,129
Central Highlands (Qld),32270,Queensland,Rest of Qld,Queensland,130
Central Highlands (Tas.),61010,Tasmania,Rest of Tas.,Tasmania,131
Cessnock,11720,New South Wales,Greater Sydney,New South Wales,132
Cessnock,11720,New South Wales,Rest of NSW,New South Wales,133
Chapman Valley,51610,Western Australia,Rest of WA,Western Australia,134
Charles Sturt,41060,South Australia,Greater Adelaide,South Australia,135
Charters Towers,32310,Queensland,Rest of Qld,Queensland,136
Cherbourg,32330,Queensland,Rest of Qld,Queensland,137
Chittering,51680,Western Australia,Greater Perth,Western Australia,138
Chittering,51680,Western Australia,Rest of WA,Western Australia,139
Christmas Island,51710,Other Territories,Other Territories,Other Territories,140
Circular Head,61210,Tasmania,Rest of Tas.,Tasmania,141
Clare and Gilbert Valleys,41140,South Australia,Rest of SA,South Australia,142
Claremont,51750,Western Australia,Greater Perth,Western Australia,143
Clarence,61410,Tasmania,Greater Hobart,Tasmania,144
Clarence,61410,Tasmania,Rest of Tas.,Tasmania,145
Clarence Valley,11730,New South Wales,Rest of NSW,New South Wales,146
Cleve,41190,South Australia,Rest of SA,South Australia,147
Cloncurry,32450,Queensland,Rest of Qld,Queensland,148
Cobar,11750,New South Wales,Rest of NSW,New South Wales,149
Cockburn,51820,Western Australia,Greater Perth,Western Australia,150
Cocos Islands,51860,Other Territories,Other Territories,Other Territories,151
Coffs Harbour,11800,New South Wales,Rest of NSW,New South Wales,152
Colac Otway,21750,Victoria,Rest of Vic.,Victoria,153
Collie,51890,Western Australia,Rest of WA,Western Australia,154
Coober Pedy,41330,South Australia,Rest of SA,South Australia,155
Cook,32500,Queensland,Rest of Qld,Queensland,156
Coolamon,12000,New South Wales,Rest of NSW,New South Wales,157
Coolgardie,51960,Western Australia,Rest of WA,Western Australia,158
Coomalie,70700,Northern Territory,Greater Darwin,Northern Territory,159
Coomalie,70700,Northern Territory,Rest of NT,Northern Territory,160
Coonamble,12150,New South Wales,Rest of NSW,New South Wales,161
Coorong,47800,South Australia,Rest of SA,South Australia,162
Coorow,52030,Western Australia,Rest of WA,Western Australia,163
Cootamundra-Gundagai Regional,12160,New South Wales,Rest of NSW,New South Wales,164
Copper Coast,41560,South Australia,Rest of SA,South Australia,165
Corangamite,21830,Victoria,Rest of Vic.,Victoria,166
Corrigin,52100,Western Australia,Rest of WA,Western Australia,167
Cottesloe,52170,Western Australia,Greater Perth,Western Australia,168
Cowra,12350,New South Wales,Rest of NSW,New South Wales,169
Cranbrook,52240,Western Australia,Rest of WA,Western Australia,170
Croydon,32600,Queensland,Rest of Qld,Queensland,171
Cuballing,52310,Western Australia,Rest of WA,Western Australia,172
Cue,52380,Western Australia,Rest of WA,Western Australia,173
Cumberland,12380,New South Wales,Greater Sydney,New South Wales,174
Cunderdin,52450,Western Australia,Rest of WA,Western Australia,175
Dalwallinu,52520,Western Australia,Rest of WA,Western Australia,176
Dandaragan,52590,Western Australia,Rest of WA,Western Australia,177
Dardanup,52660,Western Australia,Rest of WA,Western Australia,178
Darebin,21890,Victoria,Greater Melbourne,Victoria,179
Darwin,71000,Northern Territory,Greater Darwin,Northern Territory,180
Darwin Waterfront Precinct,71150,Northern Territory,Greater Darwin,Northern Territory,181
Denmark,52730,Western Australia,Rest of WA,Western Australia,182
Derby-West Kimberley,52800,Western Australia,Rest of WA,Western Australia,183
Derwent Valley,61510,Tasmania,Greater Hobart,Tasmania,184
Derwent Valley,61510,Tasmania,Rest of Tas.,Tasmania,185
Devonport,61610,Tasmania,Rest of Tas.,Tasmania,186
Diamantina,32750,Queensland,Rest of NT,Northern Territory,187
Diamantina,32750,Queensland,Rest of Qld,Queensland,188
Diamantina,32750,Queensland,Rest of SA,South Australia,189
Donnybrook-Balingup,52870,Western Australia,Rest of WA,Western Australia,190
Doomadgee,32770,Queensland,Rest of Qld,Queensland,191
Dorset,61810,Tasmania,Rest of Tas.,Tasmania,192
Douglas,32810,Queensland,Rest of Qld,Queensland,193
Dowerin,52940,Western Australia,Rest of WA,Western Australia,194
Dubbo Regional,12390,New South Wales,Rest of NSW,New South Wales,195
Dumbleyung,53010,Western Australia,Rest of WA,Western Australia,196
Dundas,53080,Western Australia,Rest of SA,South Australia,197
Dundas,53080,Western Australia,Rest of WA,Western Australia,198
Dungog,12700,New South Wales,Rest of NSW,New South Wales,199
East Arnhem,71300,Northern Territory,Rest of NT,Northern Territory,200
East Fremantle,53150,Western Australia,Greater Perth,Western Australia,201
East Gippsland,22110,Victoria,Rest of NSW,New South Wales,202
East Gippsland,22110,Victoria,Rest of Vic.,Victoria,203
East Pilbara,53220,Western Australia,Rest of NT,Northern Territory,204
East Pilbara,53220,Western Australia,Rest of WA,Western Australia,205
Edward River,12730,New South Wales,Rest of NSW,New South Wales,206
Elliston,41750,South Australia,Rest of SA,South Australia,207
Esperance,53290,Western Australia,Rest of WA,Western Australia,208
Etheridge,33100,Queensland,Rest of Qld,Queensland,209
Eurobodalla,12750,New South Wales,Rest of NSW,New South Wales,210
Exmouth,53360,Western Australia,Rest of WA,Western Australia,211
Fairfield,12850,New South Wales,Greater Sydney,New South Wales,212
Federation,12870,New South Wales,Rest of NSW,New South Wales,213
Federation,12870,New South Wales,Rest of Vic.,Victoria,214
Flinders (Qld),33200,Queensland,Rest of Qld,Queensland,215
Flinders (Tas.),62010,Tasmania,Rest of Tas.,Tasmania,216
Flinders Ranges,41830,South Australia,Rest of SA,South Australia,217
Forbes,12900,New South Wales,Rest of NSW,New South Wales,218
Franklin Harbour,41960,South Australia,Rest of SA,South Australia,219
Frankston,22170,Victoria,Greater Melbourne,Victoria,220
Fraser Coast,33220,Queensland,Rest of Qld,Queensland,221
Fremantle,53430,Western Australia,Greater Perth,Western Australia,222
Gannawarra,22250,Victoria,Rest of NSW,New South Wales,223
Gannawarra,22250,Victoria,Rest of Vic.,Victoria,224
Gawler,42030,South Australia,Greater Adelaide,South Australia,225
George Town,62210,Tasmania,Rest of Tas.,Tasmania,226
Georges River,12930,New South Wales,Greater Sydney,New South Wales,227
Gilgandra,12950,New South Wales,Rest of NSW,New South Wales,228
Gingin,53570,Western Australia,Greater Perth,Western Australia,229
Gingin,53570,Western Australia,Rest of WA,Western Australia,230
Gladstone,33360,Queensland,Rest of Qld,Queensland,231
Glamorgan-Spring Bay,62410,Tasmania,Greater Hobart,Tasmania,232
Glamorgan-Spring Bay,62410,Tasmania,Rest of Tas.,Tasmania,233
Glen Eira,22310,Victoria,Greater Melbourne,Victoria,234
Glen Innes Severn,13010,New South Wales,Rest of NSW,New South Wales,235
Glenelg,22410,Victoria,Rest of SA,South Australia,236
Glenelg,22410,Victoria,Rest of Vic.,Victoria,237
Glenorchy,62610,Tasmania,Greater Hobart,Tasmania,238
Glenorchy,62610,Tasmania,Rest of Tas.,Tasmania,239
Gnowangerup,53640,Western Australia,Rest of WA,Western Australia,240
Gold Coast,33430,Queensland,Greater Brisbane,Queensland,241
Gold Coast,33430,Queensland,Rest of NSW,New South Wales,242
Gold Coast,33430,Queensland,Rest of Qld,Queensland,243
Golden Plains,22490,Victoria,Rest of Vic.,Victoria,244
Goomalling,53710,Western Australia,Rest of WA,Western Australia,245
Goondiwindi,33610,Queensland,Rest of NSW,New South Wales,246
Goondiwindi,33610,Queensland,Rest of Qld,Queensland,247
Gosnells,53780,Western Australia,Greater Perth,Western Australia,248
Goulburn Mulwaree,13310,New South Wales,Rest of NSW,New South Wales,249
Goyder,42110,South Australia,Rest of SA,South Australia,250
Grant,42250,South Australia,Rest of SA,South Australia,251
Grant,42250,South Australia,Rest of Vic.,Victoria,252
Greater Bendigo,22620,Victoria,Rest of Vic.,Victoria,253
Greater Dandenong,22670,Victoria,Greater Melbourne,Victoria,254
Greater Geelong,22750,Victoria,Greater Melbourne,Victoria,255
Greater Geelong,22750,Victoria,Rest of Vic.,Victoria,256
Greater Geraldton,53800,Western Australia,Rest of WA,Western Australia,257
Greater Hume Shire,13340,New South Wales,Rest of NSW,New South Wales,258
Greater Hume Shire,13340,New South Wales,Rest of Vic.,Victoria,259
Greater Shepparton,22830,Victoria,Rest of Vic.,Victoria,260
Griffith,13450,New South Wales,Rest of NSW,New South Wales,261
Gunnedah,13550,New South Wales,Rest of NSW,New South Wales,262
Gwydir,13660,New South Wales,Rest of NSW,New South Wales,263
Gympie,33620,Queensland,Greater Brisbane,Queensland,264
Gympie,33620,Queensland,Rest of Qld,Queensland,265
Halls Creek,53920,Western Australia,Rest of NT,Northern Territory,266
Halls Creek,53920,Western Australia,Rest of WA,Western Australia,267
Harvey,53990,Western Australia,Rest of WA,Western Australia,268
Hawkesbury,13800,New South Wales,Greater Sydney,New South Wales,269
Hawkesbury,13800,New South Wales,Rest of NSW,New South Wales,270
Hay,13850,New South Wales,Rest of NSW,New South Wales,271
Hepburn,22910,Victoria,Rest of Vic.,Victoria,272
Hilltops,13910,New South Wales,Rest of NSW,New South Wales,273
Hinchinbrook,33800,Queensland,Rest of Qld,Queensland,274
Hindmarsh,22980,Victoria,Rest of Vic.,Victoria,275
Hobart,62810,Tasmania,Greater Hobart,Tasmania,276
Hobsons Bay,23110,Victoria,Greater Melbourne,Victoria,277
Holdfast Bay,42600,South Australia,Greater Adelaide,South Australia,278
Hope Vale,33830,Queensland,Rest of Qld,Queensland,279
Hornsby,14000,New South Wales,Greater Sydney,New South Wales,280
Horsham,23190,Victoria,Rest of Vic.,Victoria,281
Hume,23270,Victoria,Greater Melbourne,Victoria,282
Hunters Hill,14100,New South Wales,Greater Sydney,New South Wales,283
Huon Valley,63010,Tasmania,Greater Hobart,Tasmania,284
Huon Valley,63010,Tasmania,Rest of Tas.,Tasmania,285
Indigo,23350,Victoria,Rest of NSW,New South Wales,286
Indigo,23350,Victoria,Rest of Vic.,Victoria,287
Inner West,14170,New South Wales,Greater Sydney,New South Wales,288
Inverell,14220,New South Wales,Rest of NSW,New South Wales,289
Inverell,14220,New South Wales,Rest of Qld,Queensland,290
Ipswich,33960,Queensland,Greater Brisbane,Queensland,291
Irwin,54060,Western Australia,Rest of WA,Western Australia,292
Isaac,33980,Queensland,Rest of Qld,Queensland,293
Jerramungup,54130,Western Australia,Rest of WA,Western Australia,294
Joondalup,54170,Western Australia,Greater Perth,Western Australia,295
Junee,14300,New South Wales,Rest of NSW,New South Wales,296
Kalamunda,54200,Western Australia,Greater Perth,Western Australia,297
Kalamunda,54200,Western Australia,Rest of WA,Western Australia,298
Kalgoorlie-Boulder,54280,Western Australia,Rest of SA,South Australia,299
Kalgoorlie-Boulder,54280,Western Australia,Rest of WA,Western Australia,300
Kangaroo Island,42750,South Australia,Rest of SA,South Australia,301
Karoonda East Murray,43080,South Australia,Rest of SA,South Australia,302
Karratha,54310,Western Australia,Rest of WA,Western Australia,303
Katanning,54340,Western Australia,Rest of WA,Western Australia,304
Katherine,72200,Northern Territory,Rest of NT,Northern Territory,305
Kellerberrin,54410,Western Australia,Rest of WA,Western Australia,306
Kempsey,14350,New South Wales,Rest of NSW,New South Wales,307
Kent,54480,Western Australia,Rest of WA,Western Australia,308
Kentish,63210,Tasmania,Rest of Tas.,Tasmania,309
Kiama,14400,New South Wales,Rest of NSW,New South Wales,310
Kimba,43220,South Australia,Rest of SA,South Australia,311
King Island,63410,Tasmania,Rest of Tas.,Tasmania,312
Kingborough,63610,Tasmania,Greater Hobart,Tasmania,313
Kingborough,63610,Tasmania,Rest of Tas.,Tasmania,314
Kingston (SA),43360,South Australia,Rest of SA,South Australia,315
Kingston (Vic.),23430,Victoria,Greater Melbourne,Victoria,316
Knox,23670,Victoria,Greater Melbourne,Victoria,317
Kojonup,54550,Western Australia,Rest of WA,Western Australia,318
Kondinin,54620,Western Australia,Rest of WA,Western Australia,319
Koorda,54690,Western Australia,Rest of WA,Western Australia,320
Kowanyama,34420,Queensland,Rest of Qld,Queensland,321
Ku-ring-gai,14500,New South Wales,Greater Sydney,New South Wales,322
Kulin,54760,Western Australia,Rest of WA,Western Australia,323
Kwinana,54830,Western Australia,Greater Perth,Western Australia,324
Kyogle,14550,New South Wales,Greater Brisbane,Queensland,325
Kyogle,14550,New South Wales,Rest of NSW,New South Wales,326
Kyogle,14550,New South Wales,Rest of Qld,Queensland,327
Lachlan,14600,New South Wales,Rest of NSW,New South Wales,328
Lake Grace,54900,Western Australia,Rest of WA,Western Australia,329
Lake Macquarie,14650,New South Wales,Greater Sydney,New South Wales,330
Lake Macquarie,14650,New South Wales,Rest of NSW,New South Wales,331
Lane Cove,14700,New South Wales,Greater Sydney,New South Wales,332
Latrobe (Tas.),63810,Tasmania,Rest of Tas.,Tasmania,333
Latrobe (Vic.),23810,Victoria,Rest of Vic.,Victoria,334
Launceston,64010,Tasmania,Rest of Tas.,Tasmania,335
Laverton,54970,Western Australia,Rest of SA,South Australia,336
Laverton,54970,Western Australia,Rest of WA,Western Australia,337
Leeton,14750,New South Wales,Rest of NSW,New South Wales,338
Leonora,55040,Western Australia,Rest of WA,Western Australia,339
Light,43650,South Australia,Greater Adelaide,South Australia,340
Light,43650,South Australia,Rest of SA,South Australia,341
Lismore,14850,New South Wales,Rest of NSW,New South Wales,342
Litchfield,72300,Northern Territory,Greater Darwin,Northern Territory,343
Litchfield,72300,Northern Territory,Rest of NT,Northern Territory,344
Lithgow,14870,New South Wales,Greater Sydney,New South Wales,345
Lithgow,14870,New South Wales,Rest of NSW,New South Wales,346
Liverpool,14900,New South Wales,Greater Sydney,New South Wales,347
Liverpool Plains,14920,New South Wales,Rest of NSW,New South Wales,348
Livingstone,34530,Queensland,Rest of Qld,Queensland,349
Lockhart,14950,New South Wales,Rest of NSW,New South Wales,350
Lockhart River,34570,Queensland,Rest of Qld,Queensland,351
Lockyer Valley,34580,Queensland,Greater Brisbane,Queensland,352
Lockyer Valley,34580,Queensland,Rest of Qld,Queensland,353
Loddon,23940,Victoria,Rest of Vic.,Victoria,354
Logan,34590,Queensland,Greater Brisbane,Queensland,355
Logan,34590,Queensland,Rest of Qld,Queensland,356
Longreach,34710,Queensland,Rest of Qld,Queensland,357
Lower Eyre Peninsula,43710,South Australia,Rest of SA,South Australia,358
Loxton Waikerie,43790,South Australia,Rest of SA,South Australia,359
Loxton Waikerie,43790,South Australia,Rest of Vic.,Victoria,360
MacDonnell,72330,Northern Territory,Rest of NT,Northern Territory,361
MacDonnell,72330,Northern Territory,Rest of Qld,Queensland,362
MacDonnell,72330,Northern Territory,Rest of SA,South Australia,363
MacDonnell,72330,Northern Territory,Rest of WA,Western Australia,364
Macedon Ranges,24130,Victoria,Greater Melbourne,Victoria,365
Macedon Ranges,24130,Victoria,Rest of Vic.,Victoria,366
Mackay,34770,Queensland,Rest of Qld,Queensland,367
Maitland,15050,New South Wales,Rest of NSW,New South Wales,368
Mandurah,55110,Western Australia,Greater Perth,Western Australia,369
Mandurah,55110,Western Australia,Rest of WA,Western Australia,370
Manjimup,55180,Western Australia,Rest of WA,Western Australia,371
Manningham,24210,Victoria,Greater Melbourne,Victoria,372
Mansfield,24250,Victoria,Rest of Vic.,Victoria,373
Mapoon,34830,Queensland,Rest of Qld,Queensland,374
Maralinga Tjarutja,44000,South Australia,Rest of SA,South Australia,375
Maralinga Tjarutja,44000,South Australia,Rest of WA,Western Australia,376
Maranoa,34860,Queensland,Rest of Qld,Queensland,377
Mareeba,34880,Queensland,Rest of Qld,Queensland,378
Maribyrnong,24330,Victoria,Greater Melbourne,Victoria,379
Marion,44060,South Australia,Greater Adelaide,South Australia,380
Maroondah,24410,Victoria,Greater Melbourne,Victoria,381
McKinlay,34800,Queensland,Rest of Qld,Queensland,382
Meander Valley,64210,Tasmania,Rest of Tas.,Tasmania,383
Meekatharra,55250,Western Australia,Rest of WA,Western Australia,384
Melbourne,24600,Victoria,Greater Melbourne,Victoria,385
Melton,24650,Victoria,Greater Melbourne,Victoria,386
Melton,24650,Victoria,Rest of Vic.,Victoria,387
Melville,55320,Western Australia,Greater Perth,Western Australia,388
Menzies,55390,Western Australia,Rest of SA,South Australia,389
Menzies,55390,Western Australia,Rest of WA,Western Australia,390
Merredin,55460,Western Australia,Rest of WA,Western Australia,391
Mid Murray,44210,South Australia,Greater Adelaide,South Australia,392
Mid Murray,44210,South Australia,Rest of SA,South Australia,393
Mid-Coast,15240,New South Wales,Rest of NSW,New South Wales,394
Mid-Western Regional,15270,New South Wales,Rest of NSW,New South Wales,395
Mildura,24780,Victoria,Rest of NSW,New South Wales,396
Mildura,24780,Victoria,Rest of SA,South Australia,397
Mildura,24780,Victoria,Rest of Vic.,Victoria,398
Mingenew,55530,Western Australia,Rest of WA,Western Australia,399
Mitcham,44340,South Australia,Greater Adelaide,South Australia,400
Mitchell,24850,Victoria,Greater Melbourne,Victoria,401
Mitchell,24850,Victoria,Rest of Vic.,Victoria,402
Moira,24900,Victoria,Rest of NSW,New South Wales,403
Moira,24900,Victoria,Rest of Vic.,Victoria,404
Monash,24970,Victoria,Greater Melbourne,Victoria,405
Moonee Valley,25060,Victoria,Greater Melbourne,Victoria,406
Moora,55600,Western Australia,Rest of WA,Western Australia,407
Moorabool,25150,Victoria,Greater Melbourne,Victoria,408
Moorabool,25150,Victoria,Rest of Vic.,Victoria,409
Morawa,55670,Western Australia,Rest of WA,Western Australia,410
Moree Plains,15300,New South Wales,Rest of NSW,New South Wales,411
Moree Plains,15300,New South Wales,Rest of Qld,Queensland,412
Moreland,25250,Victoria,Greater Melbourne,Victoria,413
Moreton Bay,35010,Queensland,Greater Brisbane,Queensland,414
Moreton Bay,35010,Queensland,Rest of Qld,Queensland,415
Mornington,35250,Queensland,Rest of Qld,Queensland,416
Mornington Peninsula,25340,Victoria,Greater Melbourne,Victoria,417
Mosman,15350,New South Wales,Greater Sydney,New South Wales,418
Mosman Park,55740,Western Australia,Greater Perth,Western Australia,419
Mount Alexander,25430,Victoria,Rest of Vic.,Victoria,420
Mount Barker,44550,South Australia,Greater Adelaide,South Australia,421
Mount Barker,44550,South Australia,Rest of SA,South Australia,422
Mount Gambier,44620,South Australia,Rest of SA,South Australia,423
Mount Isa,35300,Queensland,Rest of NT,Northern Territory,424
Mount Isa,35300,Queensland,Rest of Qld,Queensland,425
Mount Magnet,55810,Western Australia,Rest of WA,Western Australia,426
Mount Marshall,55880,Western Australia,Rest of WA,Western Australia,427
Mount Remarkable,44830,South Australia,Rest of SA,South Australia,428
Moyne,25490,Victoria,Rest of Vic.,Victoria,429
Mukinbudin,55950,Western Australia,Rest of WA,Western Australia,430
Mundaring,56090,Western Australia,Greater Perth,Western Australia,431
Mundaring,56090,Western Australia,Rest of WA,Western Australia,432
Murchison,56160,Western Australia,Rest of WA,Western Australia,433
Murray,56230,Western Australia,Greater Perth,Western Australia,434
Murray,56230,Western Australia,Rest of WA,Western Australia,435
Murray Bridge,45040,South Australia,Greater Adelaide,South Australia,436
Murray Bridge,45040,South Australia,Rest of SA,South Australia,437
Murray River,15520,New South Wales,Rest of NSW,New South Wales,438
Murray River,15520,New South Wales,Rest of Vic.,Victoria,439
Murrindindi,25620,Victoria,Greater Melbourne,Victoria,440
Murrindindi,25620,Victoria,Rest of Vic.,Victoria,441
Murrumbidgee,15560,New South Wales,Rest of NSW,New South Wales,442
Murweh,35600,Queensland,Rest of Qld,Queensland,443
Muswellbrook,15650,New South Wales,Rest of NSW,New South Wales,444
Nambucca Valley,15700,New South Wales,Rest of NSW,New South Wales,445
Nannup,56300,Western Australia,Rest of WA,Western Australia,446
Napranum,35670,Queensland,Rest of Qld,Queensland,447
Naracoorte Lucindale,45090,South Australia,Rest of SA,South Australia,448
Naracoorte Lucindale,45090,South Australia,Rest of Vic.,Victoria,449
Narembeen,56370,Western Australia,Rest of WA,Western Australia,450
Narrabri,15750,New South Wales,Rest of NSW,New South Wales,451
Narrandera,15800,New South Wales,Rest of NSW,New South Wales,452
Narrogin,56460,Western Australia,Rest of WA,Western Australia,453
Narromine,15850,New South Wales,Rest of NSW,New South Wales,454
Nedlands,56580,Western Australia,Greater Perth,Western Australia,455
Newcastle,15900,New South Wales,Rest of NSW,New South Wales,456
Ngaanyatjarraku,56620,Western Australia,Rest of NT,Northern Territory,457
Ngaanyatjarraku,56620,Western Australia,Rest of SA,South Australia,458
Ngaanyatjarraku,56620,Western Australia,Rest of WA,Western Australia,459
Nillumbik,25710,Victoria,Greater Melbourne,Victoria,460
Noosa,35740,Queensland,Rest of Qld,Queensland,461
North Burnett,35760,Queensland,Rest of Qld,Queensland,462
North Sydney,15950,New South Wales,Greater Sydney,New South Wales,463
Northam,56730,Western Australia,Greater Perth,Western Australia,464
Northam,56730,Western Australia,Rest of WA,Western Australia,465
Northampton,56790,Western Australia,Rest of WA,Western Australia,466
Northern Areas,45120,South Australia,Rest of SA,South Australia,467
Northern Beaches,15990,New South Wales,Greater Sydney,New South Wales,468
Northern Grampians,25810,Victoria,Rest of Vic.,Victoria,469
Northern Midlands,64610,Tasmania,Rest of Tas.,Tasmania,470
Northern Peninsula Area,35780,Queensland,Rest of Qld,Queensland,471
Norwood Payneham and St Peters,45290,South Australia,Greater Adelaide,South Australia,472
Nungarin,56860,Western Australia,Rest of WA,Western Australia,473
Oberon,16100,New South Wales,Greater Sydney,New South Wales,474
Oberon,16100,New South Wales,Rest of NSW,New South Wales,475
Onkaparinga,45340,South Australia,Greater Adelaide,South Australia,476
Onkaparinga,45340,South Australia,Rest of SA,South Australia,477
Orange,16150,New South Wales,Rest of NSW,New South Wales,478
Orroroo Carrieton,45400,South Australia,Rest of SA,South Australia,479
Palm Island,35790,Queensland,Rest of Qld,Queensland,480
Palmerston,72800,Northern Territory,Greater Darwin,Northern Territory,481
Parkes,16200,New South Wales,Rest of NSW,New South Wales,482
Paroo,35800,Queensland,Rest of NSW,New South Wales,483
Paroo,35800,Queensland,Rest of Qld,Queensland,484
Parramatta,16260,New South Wales,Greater Sydney,New South Wales,485
Penrith,16350,New South Wales,Greater Sydney,New South Wales,486
Peppermint Grove,56930,Western Australia,Greater Perth,Western Australia,487
Perenjori,57000,Western Australia,Rest of WA,Western Australia,488
Perth,57080,Western Australia,Greater Perth,Western Australia,489
Peterborough,45540,South Australia,Rest of SA,South Australia,490
Pingelly,57140,Western Australia,Rest of WA,Western Australia,491
Plantagenet,57210,Western Australia,Rest of WA,Western Australia,492
Playford,45680,South Australia,Greater Adelaide,South Australia,493
Playford,45680,South Australia,Rest of SA,South Australia,494
Pormpuraaw,36070,Queensland,Rest of Qld,Queensland,495
Port Adelaide Enfield,45890,South Australia,Greater Adelaide,South Australia,496
Port Augusta,46090,South Australia,Rest of SA,South Australia,497
Port Hedland,57280,Western Australia,Rest of WA,Western Australia,498
Port Lincoln,46300,South Australia,Rest of SA,South Australia,499
Port Macquarie-Hastings,16380,New South Wales,Rest of NSW,New South Wales,500
Port Phillip,25900,Victoria,Greater Melbourne,Victoria,501
Port Pirie,46450,South Australia,Rest of SA,South Australia,502
Port Stephens,16400,New South Wales,Rest of NSW,New South Wales,503
Prospect,46510,South Australia,Greater Adelaide,South Australia,504
Pyrenees,25990,Victoria,Rest of Vic.,Victoria,505
Quairading,57350,Western Australia,Rest of WA,Western Australia,506
Queanbeyan-Palerang Regional,16490,New South Wales,Australian Capital Territory,Australian Capital Territory,507
Queanbeyan-Palerang Regional,16490,New South Wales,Rest of NSW,New South Wales,508
Queenscliffe,26080,Victoria,Rest of Vic.,Victoria,509
Quilpie,36150,Queensland,Rest of Qld,Queensland,510
Randwick,16550,New South Wales,Greater Sydney,New South Wales,511
Ravensthorpe,57420,Western Australia,Rest of WA,Western Australia,512
Redland,36250,Queensland,Greater Brisbane,Queensland,513
Redland,36250,Queensland,Rest of Qld,Queensland,514
Renmark Paringa,46670,South Australia,Rest of SA,South Australia,515
Renmark Paringa,46670,South Australia,Rest of Vic.,Victoria,516
Richmond,36300,Queensland,Rest of Qld,Queensland,517
Richmond Valley,16610,New South Wales,Rest of NSW,New South Wales,518
Robe,46860,South Australia,Rest of SA,South Australia,519
Rockhampton,36370,Queensland,Rest of Qld,Queensland,520
Rockingham,57490,Western Australia,Greater Perth,Western Australia,521
Roper Gulf,73600,Northern Territory,Rest of NT,Northern Territory,522
Roper Gulf,73600,Northern Territory,Rest of Qld,Queensland,523
Roxby Downs,46970,South Australia,Rest of SA,South Australia,524
Ryde,16700,New South Wales,Greater Sydney,New South Wales,525
Salisbury,47140,South Australia,Greater Adelaide,South Australia,526
Sandstone,57630,Western Australia,Rest of WA,Western Australia,527
Scenic Rim,36510,Queensland,Greater Brisbane,Queensland,528
Scenic Rim,36510,Queensland,Rest of NSW,New South Wales,529
Scenic Rim,36510,Queensland,Rest of Qld,Queensland,530
Serpentine-Jarrahdale,57700,Western Australia,Greater Perth,Western Australia,531
Serpentine-Jarrahdale,57700,Western Australia,Rest of WA,Western Australia,532
Shark Bay,57770,Western Australia,Rest of WA,Western Australia,533
Shellharbour,16900,New South Wales,Rest of NSW,New South Wales,534
Shoalhaven,16950,New South Wales,Other Territories,Other Territories,535
Shoalhaven,16950,New South Wales,Rest of NSW,New South Wales,536
Singleton,17000,New South Wales,Greater Sydney,New South Wales,537
Singleton,17000,New South Wales,Rest of NSW,New South Wales,538
Snowy Monaro Regional,17040,New South Wales,Australian Capital Territory,Australian Capital Territory,539
Snowy Monaro Regional,17040,New South Wales,Rest of NSW,New South Wales,540
Snowy Monaro Regional,17040,New South Wales,Rest of Vic.,Victoria,541
Snowy Valleys,17080,New South Wales,Australian Capital Territory,Australian Capital Territory,542
Snowy Valleys,17080,New South Wales,Rest of NSW,New South Wales,543
Snowy Valleys,17080,New South Wales,Rest of Vic.,Victoria,544
Somerset,36580,Queensland,Greater Brisbane,Queensland,545
Somerset,36580,Queensland,Rest of Qld,Queensland,546
Sorell,64810,Tasmania,Greater Hobart,Tasmania,547
Sorell,64810,Tasmania,Rest of Tas.,Tasmania,548
South Burnett,36630,Queensland,Greater Brisbane,Queensland,549
South Burnett,36630,Queensland,Rest of Qld,Queensland,550
South Gippsland,26170,Victoria,Greater Melbourne,Victoria,551
South Gippsland,26170,Victoria,Rest of Vic.,Victoria,552
South Perth,57840,Western Australia,Greater Perth,Western Australia,553
Southern Downs,36660,Queensland,Greater Brisbane,Queensland,554
Southern Downs,36660,Queensland,Rest of NSW,New South Wales,555
Southern Downs,36660,Queensland,Rest of Qld,Queensland,556
Southern Grampians,26260,Victoria,Rest of Vic.,Victoria,557
Southern Mallee,47290,South Australia,Rest of SA,South Australia,558
Southern Mallee,47290,South Australia,Rest of Vic.,Victoria,559
Southern Midlands,65010,Tasmania,Greater Hobart,Tasmania,560
Southern Midlands,65010,Tasmania,Rest of Tas.,Tasmania,561
Stirling,57910,Western Australia,Greater Perth,Western Australia,562
Stonnington,26350,Victoria,Greater Melbourne,Victoria,563
Strathbogie,26430,Victoria,Rest of Vic.,Victoria,564
Strathfield,17100,New South Wales,Greater Sydney,New South Wales,565
Streaky Bay,47490,South Australia,Rest of SA,South Australia,566
Subiaco,57980,Western Australia,Greater Perth,Western Australia,567
Sunshine Coast,36720,Queensland,Greater Brisbane,Queensland,568
Sunshine Coast,36720,Queensland,Rest of Qld,Queensland,569
Surf Coast,26490,Victoria,Rest of Vic.,Victoria,570
Sutherland Shire,17150,New South Wales,Greater Sydney,New South Wales,571
Sutherland Shire,17150,New South Wales,Rest of NSW,New South Wales,572
Swan,58050,Western Australia,Greater Perth,Western Australia,573
Swan,58050,Western Australia,Rest of WA,Western Australia,574
Swan Hill,26610,Victoria,Rest of NSW,New South Wales,575
Swan Hill,26610,Victoria,Rest of Vic.,Victoria,576
Sydney,17200,New South Wales,Greater Sydney,New South Wales,577
Tablelands,36820,Queensland,Rest of Qld,Queensland,578
Tammin,58190,Western Australia,Rest of WA,Western Australia,579
Tamworth Regional,17310,New South Wales,Rest of NSW,New South Wales,580
Tasman,65210,Tasmania,Greater Hobart,Tasmania,581
Tasman,65210,Tasmania,Rest of Tas.,Tasmania,582
Tatiara,47630,South Australia,Rest of SA,South Australia,583
Tatiara,47630,South Australia,Rest of Vic.,Victoria,584
Tea Tree Gully,47700,South Australia,Greater Adelaide,South Australia,585
Temora,17350,New South Wales,Rest of NSW,New South Wales,586
Tenterfield,17400,New South Wales,Greater Brisbane,Queensland,587
Tenterfield,17400,New South Wales,Rest of NSW,New South Wales,588
Tenterfield,17400,New South Wales,Rest of Qld,Queensland,589
The Hills Shire,17420,New South Wales,Greater Sydney,New South Wales,590
Three Springs,58260,Western Australia,Rest of WA,Western Australia,591
Tiwi Islands,74050,Northern Territory,Rest of NT,Northern Territory,592
Toodyay,58330,Western Australia,Greater Perth,Western Australia,593
Toodyay,58330,Western Australia,Rest of WA,Western Australia,594
Toowoomba,36910,Queensland,Greater Brisbane,Queensland,595
Toowoomba,36910,Queensland,Rest of Qld,Queensland,596
Torres,36950,Queensland,Rest of Qld,Queensland,597
Torres Strait Island,36960,Queensland,Rest of Qld,Queensland,598
Townsville,37010,Queensland,Rest of Qld,Queensland,599
Towong,26670,Victoria,Rest of NSW,New South Wales,600
Towong,26670,Victoria,Rest of Vic.,Victoria,601
Trayning,58400,Western Australia,Rest of WA,Western Australia,602
Tumby Bay,47910,South Australia,Rest of SA,South Australia,603
Tweed,17550,New South Wales,Rest of NSW,New South Wales,604
Tweed,17550,New South Wales,Rest of Qld,Queensland,605
Unincorp. Other Territories,99399,Other Territories,Other Territories,Other Territories,606
Unincorp. Other Territories,99399,Other Territories,Rest of NSW,New South Wales,607
Unincorporated ACT,89399,Australian Capital Territory,Australian Capital Territory,Australian Capital Territory,608
Unincorporated ACT,89399,Australian Capital Territory,Rest of NSW,New South Wales,609
Unincorporated NSW,19399,New South Wales,Rest of NSW,New South Wales,611
Unincorporated NSW,19399,New South Wales,Rest of Qld,Queensland,612
Unincorporated NSW,19399,New South Wales,Rest of SA,South Australia,613
Unincorporated NT,79399,Northern Territory,Greater Darwin,Northern Territory,614
Unincorporated NT,79399,Northern Territory,Rest of NT,Northern Territory,615
Unincorporated SA,49399,South Australia,Greater Adelaide,South Australia,616
Unincorporated SA,49399,South Australia,Rest of NSW,New South Wales,617
Unincorporated SA,49399,South Australia,Rest of NT,Northern Territory,618
Unincorporated SA,49399,South Australia,Rest of Qld,Queensland,619
Unincorporated SA,49399,South Australia,Rest of SA,South Australia,620
Unincorporated SA,49399,South Australia,Rest of Vic.,Victoria,621
Unincorporated SA,49399,South Australia,Rest of WA,Western Australia,622
Unincorporated Vic,29399,Victoria,Greater Melbourne,Victoria,623
Unincorporated Vic,29399,Victoria,Rest of Vic.,Victoria,624
Unley,47980,South Australia,Greater Adelaide,South Australia,625
Upper Gascoyne,58470,Western Australia,Rest of WA,Western Australia,626
Upper Hunter Shire,17620,New South Wales,Rest of NSW,New South Wales,627
Upper Lachlan Shire,17640,New South Wales,Greater Sydney,New South Wales,628
Upper Lachlan Shire,17640,New South Wales,Rest of NSW,New South Wales,629
Uralla,17650,New South Wales,Rest of NSW,New South Wales,630
Victor Harbor,48050,South Australia,Rest of SA,South Australia,631
Victoria Daly,74550,Northern Territory,Rest of NT,Northern Territory,632
Victoria Daly,74550,Northern Territory,Rest of WA,Western Australia,633
Victoria Park,58510,Western Australia,Greater Perth,Western Australia,634
Victoria Plains,58540,Western Australia,Rest of WA,Western Australia,635
Vincent,58570,Western Australia,Greater Perth,Western Australia,636
Wagait,74560,Northern Territory,Rest of NT,Northern Territory,637
Wagga Wagga,17750,New South Wales,Rest of NSW,New South Wales,638
Wagin,58610,Western Australia,Rest of WA,Western Australia,639
Wakefield,48130,South Australia,Rest of SA,South Australia,640
Walcha,17850,New South Wales,Rest of NSW,New South Wales,641
Walgett,17900,New South Wales,Rest of NSW,New South Wales,642
Walgett,17900,New South Wales,Rest of Qld,Queensland,643
Walkerville,48260,South Australia,Greater Adelaide,South Australia,644
Wandering,58680,Western Australia,Greater Perth,Western Australia,645
Wandering,58680,Western Australia,Rest of WA,Western Australia,646
Wangaratta,26700,Victoria,Rest of Vic.,Victoria,647
Wanneroo,58760,Western Australia,Greater Perth,Western Australia,648
Wanneroo,58760,Western Australia,Rest of WA,Western Australia,649
Waratah-Wynyard,65410,Tasmania,Rest of Tas.,Tasmania,650
Waroona,58820,Western Australia,Greater Perth,Western Australia,651
Waroona,58820,Western Australia,Rest of WA,Western Australia,652
Warren,17950,New South Wales,Rest of NSW,New South Wales,653
Warrnambool,26730,Victoria,Rest of Vic.,Victoria,654
Warrumbungle Shire,18020,New South Wales,Rest of NSW,New South Wales,655
Wattle Range,48340,South Australia,Rest of SA,South Australia,656
Wattle Range,48340,South Australia,Rest of Vic.,Victoria,657
Waverley,18050,New South Wales,Greater Sydney,New South Wales,658
Weddin,18100,New South Wales,Rest of NSW,New South Wales,659
Weipa,37300,Queensland,Rest of Qld,Queensland,660
Wellington,26810,Victoria,Rest of Vic.,Victoria,661
Wentworth,18200,New South Wales,Rest of NSW,New South Wales,662
Wentworth,18200,New South Wales,Rest of SA,South Australia,663
Wentworth,18200,New South Wales,Rest of Vic.,Victoria,664
West Arnhem,74660,Northern Territory,Rest of NT,Northern Territory,665
West Arthur,58890,Western Australia,Rest of WA,Western Australia,666
West Coast,65610,Tasmania,Rest of Tas.,Tasmania,667
West Daly,74680,Northern Territory,Rest of NT,Northern Territory,668
West Tamar,65810,Tasmania,Rest of Tas.,Tasmania,669
West Torrens,48410,South Australia,Greater Adelaide,South Australia,670
West Wimmera,26890,Victoria,Rest of SA,South Australia,671
West Wimmera,26890,Victoria,Rest of Vic.,Victoria,672
Western Downs,37310,Queensland,Rest of Qld,Queensland,673
Westonia,59030,Western Australia,Rest of WA,Western Australia,674
Whitehorse,26980,Victoria,Greater Melbourne,Victoria,675
Whitsunday,37340,Queensland,Rest of Qld,Queensland,676
Whittlesea,27070,Victoria,Greater Melbourne,Victoria,677
Whyalla,48540,South Australia,Rest of SA,South Australia,678
Wickepin,59100,Western Australia,Rest of WA,Western Australia,679
Williams,59170,Western Australia,Rest of WA,Western Australia,680
Willoughby,18250,New South Wales,Greater Sydney,New South Wales,681
Wiluna,59250,Western Australia,Rest of WA,Western Australia,682
Wingecarribee,18350,New South Wales,Greater Sydney,New South Wales,683
Wingecarribee,18350,New South Wales,Rest of NSW,New South Wales,684
Winton,37400,Queensland,Rest of Qld,Queensland,685
Wodonga,27170,Victoria,Rest of NSW,New South Wales,686
Wodonga,27170,Victoria,Rest of Vic.,Victoria,687
Wollondilly,18400,New South Wales,Greater Sydney,New South Wales,688
Wollondilly,18400,New South Wales,Rest of NSW,New South Wales,689
Wollongong,18450,New South Wales,Greater Sydney,New South Wales,690
Wollongong,18450,New South Wales,Rest of NSW,New South Wales,691
Wongan-Ballidu,59310,Western Australia,Rest of WA,Western Australia,692
Woodanilling,59320,Western Australia,Rest of WA,Western Australia,693
Woollahra,18500,New South Wales,Greater Sydney,New South Wales,694
Woorabinda,37550,Queensland,Rest of Qld,Queensland,695
Wudinna,48640,South Australia,Rest of SA,South Australia,696
Wujal Wujal,37570,Queensland,Rest of Qld,Queensland,697
Wyalkatchem,59330,Western Australia,Rest of WA,Western Australia,698
Wyndham,27260,Victoria,Greater Melbourne,Victoria,699
Wyndham,27260,Victoria,Rest of Vic.,Victoria,700
Wyndham-East Kimberley,59340,Western Australia,Rest of NT,Northern Territory,701
Wyndham-East Kimberley,59340,Western Australia,Rest of WA,Western Australia,702
Yalgoo,59350,Western Australia,Rest of WA,Western Australia,703
Yankalilla,48750,South Australia,Greater Adelaide,South Australia,704
Yankalilla,48750,South Australia,Rest of SA,South Australia,705
Yarra,27350,Victoria,Greater Melbourne,Victoria,706
Yarra Ranges,27450,Victoria,Greater Melbourne,Victoria,707
Yarra Ranges,27450,Victoria,Rest of Vic.,Victoria,708
Yarrabah,37600,Queensland,Rest of Qld,Queensland,709
Yarriambiack,27630,Victoria,Rest of Vic.,Victoria,710
Yass Valley,18710,New South Wales,Australian Capital Territory,Australian Capital Territory,711
Yass Valley,18710,New South Wales,Rest of NSW,New South Wales,712
Yilgarn,59360,Western Australia,Rest of WA,Western Australia,713
York,59370,Western Australia,Greater Perth,Western Australia,714
York,59370,Western Australia,Rest of WA,Western Australia,715
Yorke Peninsula,48830,South Australia,Rest of SA,South Australia,716
